source,destination,distance
Bangalore,Hyderabad,497.6668663295939
Delhi,Hyderabad,1261.51036661224
Mumbai,Hyderabad,622.0191803315101
Mumbai,Delhi,1149.6072060921113
Chennai,Kolkata,1355.3535320488231
Delhi,Kolkata,1318.1343740466366
Hyderabad,Delhi,1261.51036661224
Delhi,Chennai,1760.4669118940706
Delhi,Mumbai,1149.6072060921113
Bangalore,Delhi,1742.6464459118124
Chennai,Mumbai,1031.8741988690558
Bangalore,Mumbai,843.1120333462046
Kolkata,Mumbai,1656.866546965894
Chennai,Hyderabad,513.1763540845302
Chennai,Delhi,1760.4669118940706
Delhi,Bangalore,1742.6464459118124
Bangalore,Kolkata,1558.5212052086838
Hyderabad,Mumbai,622.0191803315101
Kolkata,Hyderabad,1182.008594216405
Kolkata,Bangalore,1558.5212052086838
Chennai,Bangalore,290.5491291553909
Hyderabad,Kolkata,1182.008594216405
Mumbai,Kolkata,1656.866546965894
Hyderabad,Chennai,513.1763540845302
Hyderabad,Bangalore,497.6668663295939
Kolkata,Delhi,1318.1343740466366
Mumbai,Bangalore,843.1120333462046
Kolkata,Chennai,1355.3535320488231
Mumbai,Chennai,1031.8741988690558
Bangalore,Chennai,290.5491291553909
